Status,Sex,Region,Y2020K1,Y2019K1,Y2018K1,Y2017K1,Y2016K1,Y2015K1
Ugift,Mænd,Region Hovedstaden,505534,501661,496990,491682,484732,476046
Ugift,Mænd,København,209722,206625,202884,198967,195110,190676
Ugift,Mænd,Frederiksberg,30279,30065,30220,30540,30171,29589
Ugift,Mænd,Dragør,3097,3012,3009,3001,2937,2881
Ugift,Mænd,Tårnby,10639,10564,10576,10544,10416,10294
Ugift,Mænd,Albertslund,7390,7429,7397,7458,7453,7375
Ugift,Mænd,Ballerup,11889,11732,11688,11660,11626,11650
Ugift,Mænd,Brøndby,8609,8623,8676,8616,8536,8389
Ugift,Mænd,Gentofte,17788,17888,18002,18065,17876,17633
Ugift,Mænd,Gladsaxe,18624,18799,18694,18447,18006,17703
Ugift,Mænd,Glostrup,6036,5869,5947,5854,5800,5769
Ugift,Mænd,Herlev,7231,7139,7085,6956,6960,6898
Ugift,Mænd,Hvidovre,13985,13921,13817,13589,13491,13281
Ugift,Mænd,Høje-Taastrup,12667,12665,12723,12581,12441,12122
Ugift,Mænd,Ishøj,5790,5767,5818,5756,5673,5588
Ugift,Mænd,Lyngby-Taarbæk,14788,14628,14534,14434,14329,14009
Ugift,Mænd,Rødovre,10590,10363,10156,9864,9675,9543
Ugift,Mænd,Vallensbæk,3956,3949,3824,3687,3606,3548
Ugift,Mænd,Allerød,5503,5583,5470,5363,5282,5171
Ugift,Mænd,Egedal,9674,9689,9574,9581,9493,9386
Ugift,Mænd,Fredensborg,8927,8883,8909,8790,8733,8656
Ugift,Mænd,Frederikssund,10063,10167,10133,10122,9996,9894
Ugift,Mænd,Furesø,9238,9282,9216,9195,9045,8670
Ugift,Mænd,Gribskov,8722,8863,8793,8746,8762,8652
Ugift,Mænd,Halsnæs,6880,6834,6813,6914,6846,6777
Ugift,Mænd,Helsingør,14237,14313,14421,14499,14343,14161
Ugift,Mænd,Hillerød,12375,12319,12244,12020,11822,11574
Ugift,Mænd,Hørsholm,5015,5030,5037,5017,4943,4923
Ugift,Mænd,Rudersdal,13074,12919,12619,12730,12684,12573
Ugift,Mænd,Bornholm,8724,8719,8693,8667,8656,8639
Ugift,Mænd,Christiansø,22,22,18,19,21,22
Ugift,Mænd,Region Sjælland,199579,199205,198553,197598,195353,192212
Ugift,Mænd,Greve,11245,11136,11000,10963,10860,10601
Ugift,Mænd,Køge,14676,14562,14527,14415,14262,14012
Ugift,Mænd,Lejre,6124,6043,5940,5968,5959,5905
Ugift,Mænd,Roskilde,21646,21635,21633,21726,21487,21054
Ugift,Mænd,Solrød,5252,5187,5012,4951,4846,4733
Ugift,Mænd,Faxe,8678,8706,8559,8458,8415,8187
Ugift,Mænd,Guldborgsund,14237,14253,14323,14196,13966,13847
Ugift,Mænd,Holbæk,17397,17248,17130,17103,16706,16327
Ugift,Mænd,Kalundborg,11585,11644,11785,11709,11585,11508
Ugift,Mænd,Lolland,9634,9716,9795,9811,9875,9880
Ugift,Mænd,Næstved,20488,20470,20396,20233,19998,19708
Ugift,Mænd,Odsherred,7220,7245,7169,7152,7079,6989
Ugift,Mænd,Ringsted,8713,8624,8496,8434,8352,8147
Ugift,Mænd,Slagelse,20113,20087,20120,19988,19663,19281
Ugift,Mænd,Sorø,7221,7234,7177,7101,7080,6986
Ugift,Mænd,Stevns,4996,5025,5017,4975,4886,4826
Ugift,Mænd,Vordingborg,10354,10390,10474,10415,10334,10221
Ugift,Mænd,Region Syddanmark,306500,306499,304945,303264,300714,297706
Ugift,Mænd,Assens,9652,9738,9775,9741,9642,9498
Ugift,Mænd,Faaborg-Midtfyn,12007,12179,12007,11918,11848,11703
Ugift,Mænd,Kerteminde,5243,5243,5236,5256,5283,5209
Ugift,Mænd,Langeland,2618,2633,2624,2623,2560,2570
Ugift,Mænd,Middelfart,8926,8906,8792,8776,8711,8693
Ugift,Mænd,Nordfyns,6986,7040,6980,6934,6933,6846
Ugift,Mænd,Nyborg,7348,7442,7415,7422,7353,7188
Ugift,Mænd,Odense,59193,58751,57651,56686,55782,55023
Ugift,Mænd,Svendborg,14192,14412,14390,14258,14121,13980
Ugift,Mænd,Ærø,1272,1281,1310,1333,1366,1336
Ugift,Mænd,Billund,6435,6489,6426,6446,6494,6424
Ugift,Mænd,Esbjerg,29739,29623,29803,29736,29656,29416
Ugift,Mænd,Fanø,661,648,650,629,612,600
Ugift,Mænd,Fredericia,12872,12871,12872,12771,12682,12538
Ugift,Mænd,Haderslev,13493,13501,13461,13516,13489,13426
Ugift,Mænd,Kolding,23941,23792,23774,23631,23437,23098
Ugift,Mænd,Sønderborg,17650,17676,17692,17745,17595,17668
Ugift,Mænd,Tønder,8819,8833,8894,8886,8856,8846
Ugift,Mænd,Varde,12041,12125,12203,12332,12232,12198
Ugift,Mænd,Vejen,10660,10683,10624,10604,10635,10516
Ugift,Mænd,Vejle,29131,28879,28660,28373,27869,27350
Ugift,Mænd,Aabenraa,13621,13754,13706,13648,13558,13580
Ugift,Mænd,Region Midtjylland,348622,346979,344779,341243,336782,332265
Ugift,Mænd,Favrskov,11807,11788,11743,11649,11563,11451
Ugift,Mænd,Hedensted,11252,11300,11226,11228,11075,11021
Ugift,Mænd,Horsens,23952,23904,23636,23564,23012,22446
Ugift,Mænd,Norddjurs,9289,9472,9702,9624,9671,9494
Ugift,Mænd,Odder,5112,5119,5176,5059,4992,4937
Ugift,Mænd,Randers,25258,25267,25391,25396,25038,24719
Ugift,Mænd,Samsø,725,745,746,747,746,751
Ugift,Mænd,Silkeborg,23225,22929,22706,22507,22329,22007
Ugift,Mænd,Skanderborg,15161,14983,14768,14524,14273,14003
Ugift,Mænd,Syddjurs,9750,9724,9664,9527,9471,9395
Ugift,Mænd,Aarhus,106838,105008,103159,101034,99077,97245
Ugift,Mænd,Herning,22592,22605,22568,22450,22030,21763
Ugift,Mænd,Holstebro,14631,14583,14654,14520,14333,14278
Ugift,Mænd,Ikast-Brande,10257,10271,10189,10110,10049,9984
Ugift,Mænd,Lemvig,4440,4539,4598,4620,4685,4763
Ugift,Mænd,Ringkøbing-Skjern,13570,13697,13715,13650,13709,13646
Ugift,Mænd,Skive,11340,11410,11575,11525,11481,11419
Ugift,Mænd,Struer,4737,4745,4821,4860,4878,4860
Ugift,Mænd,Viborg,24686,24890,24742,24649,24370,24083
Ugift,Mænd,Region Nordjylland,153184,152745,152375,151535,150578,148797
Ugift,Mænd,Brønderslev,8994,8993,8992,8883,8880,8797
Ugift,Mænd,Frederikshavn,13825,13877,13885,13972,13873,13818
Ugift,Mænd,Hjørring,15629,15644,15812,15854,15802,15717
Ugift,Mænd,Jammerbugt,9017,9070,9146,9132,9084,9019
Ugift,Mænd,Læsø,343,348,351,352,370,357
Ugift,Mænd,Mariagerfjord,10124,10226,10308,10260,10300,10317
Ugift,Mænd,Morsø,4855,4885,4913,4925,4949,5007
Ugift,Mænd,Rebild,7428,7359,7356,7228,7172,7061
Ugift,Mænd,Thisted,10305,10336,10323,10404,10426,10431
Ugift,Mænd,Vesthimmerlands,9030,9223,9264,9243,9262,9268
Ugift,Mænd,Aalborg,63634,62784,62025,61282,60460,59005
Ugift,Kvinder,,,,,,,
Ugift,Kvinder,Region Hovedstaden,468268,464276,459673,453470,446521,437833
Ugift,Kvinder,København,202790,198991,195221,190774,186254,180966
Ugift,Kvinder,Frederiksberg,30502,30487,30689,30905,30804,30403
Ugift,Kvinder,Dragør,2747,2700,2676,2659,2595,2586
Ugift,Kvinder,Tårnby,9308,9273,9252,9220,9111,8913
Ugift,Kvinder,Albertslund,6405,6390,6343,6397,6358,6291
Ugift,Kvinder,Ballerup,10482,10485,10340,10272,10243,10177
Ugift,Kvinder,Brøndby,7636,7678,7668,7685,7480,7391
Ugift,Kvinder,Gentofte,17342,17501,17884,17822,17682,17639
Ugift,Kvinder,Gladsaxe,16107,16204,16088,15861,15565,15397
Ugift,Kvinder,Glostrup,5157,5041,5030,4973,4931,4898
Ugift,Kvinder,Herlev,6536,6496,6347,6296,6252,6129
Ugift,Kvinder,Hvidovre,12548,12474,12358,12194,12093,11821
Ugift,Kvinder,Høje-Taastrup,10865,10875,10842,10735,10744,10524
Ugift,Kvinder,Ishøj,5018,4987,4938,4907,4824,4717
Ugift,Kvinder,Lyngby-Taarbæk,13022,12882,12803,12612,12479,12318
Ugift,Kvinder,Rødovre,9465,9198,8943,8665,8489,8285
Ugift,Kvinder,Vallensbæk,3398,3430,3355,3174,3077,3038
Ugift,Kvinder,Allerød,5083,5047,4946,4877,4860,4750
Ugift,Kvinder,Egedal,8600,8610,8535,8537,8431,8379
Ugift,Kvinder,Fredensborg,8208,8205,8254,8193,8027,7964
Ugift,Kvinder,Frederikssund,8467,8597,8553,8520,8451,8382
Ugift,Kvinder,Furesø,8205,8298,8287,8199,8104,7795
Ugift,Kvinder,Gribskov,7271,7302,7351,7393,7376,7269
Ugift,Kvinder,Halsnæs,5776,5759,5750,5706,5675,5611
Ugift,Kvinder,Helsingør,12840,12839,12906,12775,12738,12636
Ugift,Kvinder,Hillerød,10931,10862,10840,10741,10611,10518
Ugift,Kvinder,Hørsholm,4662,4811,4812,4797,4800,4760
Ugift,Kvinder,Rudersdal,11616,11590,11441,11431,11327,11176
Ugift,Kvinder,Bornholm,7272,7251,7210,7142,7128,7086
Ugift,Kvinder,Christiansø,9,13,11,8,12,14
Ugift,Kvinder,Region Sjælland,169136,168775,168169,167100,165527,163412
Ugift,Kvinder,Greve,9771,9697,9636,9653,9537,9313
Ugift,Kvinder,Køge,12513,12507,12421,12387,12386,12217
Ugift,Kvinder,Lejre,5429,5364,5315,5206,5170,5143
Ugift,Kvinder,Roskilde,19465,19354,19309,19156,18990,18653
Ugift,Kvinder,Solrød,4703,4654,4505,4356,4285,4234
Ugift,Kvinder,Faxe,6897,6914,6859,6758,6632,6610
Ugift,Kvinder,Guldborgsund,11671,11698,11705,11594,11431,11350
Ugift,Kvinder,Holbæk,14838,14774,14724,14745,14481,14202
Ugift,Kvinder,Kalundborg,9578,9609,9676,9571,9561,9466
Ugift,Kvinder,Lolland,7498,7586,7606,7647,7685,7706
Ugift,Kvinder,Næstved,17631,17528,17522,17389,17296,17081
Ugift,Kvinder,Odsherred,5791,5827,5796,5782,5671,5645
Ugift,Kvinder,Ringsted,7339,7368,7285,7154,7118,7049
Ugift,Kvinder,Slagelse,17156,17081,16998,16860,16623,16287
Ugift,Kvinder,Sorø,6011,5972,5917,5926,5904,5894
Ugift,Kvinder,Stevns,4089,4044,4010,3962,3935,3861
Ugift,Kvinder,Vordingborg,8756,8798,8885,8954,8822,8701
Ugift,Kvinder,Region Syddanmark,261626,261227,260074,258600,256243,253981
Ugift,Kvinder,Assens,8059,8093,8078,8095,7995,7981
Ugift,Kvinder,Faaborg-Midtfyn,9997,9980,9927,9887,9822,9651
Ugift,Kvinder,Kerteminde,4546,4508,4515,4567,4554,4524
Ugift,Kvinder,Langeland,1965,1979,1988,1947,1921,1949
Ugift,Kvinder,Middelfart,7607,7509,7453,7413,7315,7282
Ugift,Kvinder,Nordfyns,5715,5693,5578,5577,5557,5453
Ugift,Kvinder,Nyborg,6455,6411,6428,6436,6331,6251
Ugift,Kvinder,Odense,53297,52962,52118,51365,50633,49849
Ugift,Kvinder,Svendborg,11986,12032,12046,11979,11802,11729
Ugift,Kvinder,Ærø,902,921,942,927,958,949
Ugift,Kvinder,Billund,5284,5302,5283,5310,5239,5235
Ugift,Kvinder,Esbjerg,25275,25283,25307,25298,25207,25089
Ugift,Kvinder,Fanø,597,575,571,556,527,521
Ugift,Kvinder,Fredericia,10847,10899,10832,10660,10521,10485
Ugift,Kvinder,Haderslev,11313,11310,11422,11387,11350,11324
Ugift,Kvinder,Kolding,20957,20983,20863,20890,20699,20277
Ugift,Kvinder,Sønderborg,14457,14596,14641,14685,14644,14667
Ugift,Kvinder,Tønder,7055,7122,7185,7212,7148,7202
Ugift,Kvinder,Varde,9725,9766,9806,9822,9830,9786
Ugift,Kvinder,Vejen,8625,8646,8600,8563,8630,8530
Ugift,Kvinder,Vejle,25317,25006,24890,24545,24164,23792
Ugift,Kvinder,Aabenraa,11645,11651,11601,11479,11396,11455
Ugift,Kvinder,Region Midtjylland,304806,302414,299947,296306,292603,289194
Ugift,Kvinder,Favrskov,9987,9962,9946,9784,9725,9767
Ugift,Kvinder,Hedensted,9049,9097,9119,9031,8934,8886
Ugift,Kvinder,Horsens,20401,20147,20022,19867,19479,19050
Ugift,Kvinder,Norddjurs,7071,7239,7379,7317,7348,7297
Ugift,Kvinder,Odder,4487,4443,4383,4340,4275,4222
Ugift,Kvinder,Randers,21678,21784,21916,21841,21663,21418
Ugift,Kvinder,Samsø,556,558,561,563,563,572
Ugift,Kvinder,Silkeborg,20447,20209,19973,19698,19544,19387
Ugift,Kvinder,Skanderborg,13531,13250,13025,12777,12512,12390
Ugift,Kvinder,Syddjurs,8246,8181,8037,7862,7908,7878
Ugift,Kvinder,Aarhus,101671,99578,97329,95335,93145,91272
Ugift,Kvinder,Herning,19127,19084,19154,19083,18908,18737
Ugift,Kvinder,Holstebro,12726,12674,12681,12570,12406,12438
Ugift,Kvinder,Ikast-Brande,8294,8265,8241,8148,8158,8138
Ugift,Kvinder,Lemvig,3460,3530,3572,3590,3617,3657
Ugift,Kvinder,Ringkøbing-Skjern,10684,10831,10872,10945,10934,10901
Ugift,Kvinder,Skive,8882,9016,9142,9121,9222,9209
Ugift,Kvinder,Struer,3825,3868,3914,3940,3964,3962
Ugift,Kvinder,Viborg,20684,20698,20681,20494,20298,20013
Ugift,Kvinder,Region Nordjylland,126805,126385,125676,125002,124107,123094
Ugift,Kvinder,Brønderslev,7252,7245,7202,7128,7093,7003
Ugift,Kvinder,Frederikshavn,10942,11033,11064,11153,11109,11138
Ugift,Kvinder,Hjørring,12945,13027,13208,13210,13254,13229
Ugift,Kvinder,Jammerbugt,7269,7279,7349,7265,7229,7147
Ugift,Kvinder,Læsø,250,264,254,249,252,248
Ugift,Kvinder,Mariagerfjord,8044,8156,8166,8188,8212,8287
Ugift,Kvinder,Morsø,3885,3906,3907,3970,3925,3996
Ugift,Kvinder,Rebild,6125,6025,5909,5807,5739,5677
Ugift,Kvinder,Thisted,8391,8448,8446,8461,8508,8478
Ugift,Kvinder,Vesthimmerlands,7142,7256,7306,7387,7376,7418
Ugift,Kvinder,Aalborg,54560,53746,52865,52184,51410,50473
Gift/separeret,Mænd,Region Hovedstaden,311492,309442,307960,306497,305256,304177
Gift/separeret,Mænd,København,76279,74919,73716,72559,71324,70654
Gift/separeret,Mænd,Frederiksberg,14736,14613,14588,14579,14586,14400
Gift/separeret,Mænd,Dragør,3281,3242,3264,3296,3299,3262
Gift/separeret,Mænd,Tårnby,8346,8358,8406,8409,8480,8479
Gift/separeret,Mænd,Albertslund,5034,5074,5060,5082,5103,5162
Gift/separeret,Mænd,Ballerup,9193,9181,9242,9267,9310,9436
Gift/separeret,Mænd,Brøndby,6616,6694,6753,6775,6818,6818
Gift/separeret,Mænd,Gentofte,14513,14474,14515,14494,14441,14400
Gift/separeret,Mænd,Gladsaxe,12375,12394,12358,12275,12227,12170
Gift/separeret,Mænd,Glostrup,4190,4069,4087,4076,4067,4042
Gift/separeret,Mænd,Herlev,5273,5234,5250,5275,5306,5280
Gift/separeret,Mænd,Hvidovre,9692,9676,9700,9702,9751,9773
Gift/separeret,Mænd,Høje-Taastrup,10192,10104,10052,10013,10013,9962
Gift/separeret,Mænd,Ishøj,4480,4474,4511,4437,4376,4353
Gift/separeret,Mænd,Lyngby-Taarbæk,10166,10088,9979,10003,10056,10071
Gift/separeret,Mænd,Rødovre,7120,7111,7008,6888,6834,6873
Gift/separeret,Mænd,Vallensbæk,3651,3638,3573,3475,3416,3361
Gift/separeret,Mænd,Allerød,5910,5890,5826,5782,5747,5725
Gift/separeret,Mænd,Egedal,9916,9894,9850,9905,9918,9972
Gift/separeret,Mænd,Fredensborg,8774,8782,8668,8645,8584,8542
Gift/separeret,Mænd,Frederikssund,9533,9497,9515,9525,9553,9530
Gift/separeret,Mænd,Furesø,8908,8890,8861,8814,8746,8599
Gift/separeret,Mænd,Gribskov,8955,8946,9014,9077,9110,9128
Gift/separeret,Mænd,Halsnæs,6521,6503,6498,6490,6537,6483
Gift/separeret,Mænd,Helsingør,12217,12109,12084,12051,12045,12020
Gift/separeret,Mænd,Hillerød,10344,10338,10267,10195,10197,10125
Gift/separeret,Mænd,Hørsholm,5387,5357,5380,5392,5405,5428
Gift/separeret,Mænd,Rudersdal,11844,11823,11813,11830,11752,11756
Gift/separeret,Mænd,Bornholm,8026,8049,8100,8166,8232,8352
Gift/separeret,Mænd,Christiansø,20,21,22,20,23,21
Gift/separeret,Mænd,Region Sjælland,165404,165412,165823,166460,166915,166811
Gift/separeret,Mænd,Greve,11115,11030,10993,11012,10989,10958
Gift/separeret,Mænd,Køge,12251,12160,12111,12082,12084,12056
Gift/separeret,Mænd,Lejre,6302,6259,6265,6268,6256,6276
Gift/separeret,Mænd,Roskilde,17090,16986,16911,16853,16715,16647
Gift/separeret,Mænd,Solrød,5100,5070,5002,4912,4861,4842
Gift/separeret,Mænd,Faxe,7566,7523,7501,7510,7523,7447
Gift/separeret,Mænd,Guldborgsund,11580,11678,11850,12041,12159,12205
Gift/separeret,Mænd,Holbæk,13960,13947,13978,14053,14039,14008
Gift/separeret,Mænd,Kalundborg,9298,9395,9450,9487,9601,9655
Gift/separeret,Mænd,Lolland,7815,7932,8095,8218,8383,8541
Gift/separeret,Mænd,Næstved,15548,15547,15650,15750,15883,15896
Gift/separeret,Mænd,Odsherred,6762,6823,6860,6891,6935,6951
Gift/separeret,Mænd,Ringsted,6920,6913,6884,6936,6935,6802
Gift/separeret,Mænd,Slagelse,14331,14375,14416,14546,14584,14581
Gift/separeret,Mænd,Sorø,5888,5868,5874,5948,5973,5917
Gift/separeret,Mænd,Stevns,4991,4968,4975,4915,4887,4897
Gift/separeret,Mænd,Vordingborg,8887,8938,9008,9038,9108,9132
Gift/separeret,Mænd,Region Syddanmark,237493,237787,238462,238977,239929,240522
Gift/separeret,Mænd,Assens,8449,8498,8616,8638,8705,8738
Gift/separeret,Mænd,Faaborg-Midtfyn,10738,10813,10815,10827,10889,10978
Gift/separeret,Mænd,Kerteminde,5065,5081,5130,5100,5164,5151
Gift/separeret,Mænd,Langeland,2699,2738,2770,2761,2815,2838
Gift/separeret,Mænd,Middelfart,8141,8100,8026,8014,8059,8123
Gift/separeret,Mænd,Nordfyns,6273,6280,6283,6280,6269,6276
Gift/separeret,Mænd,Nyborg,6454,6443,6475,6560,6551,6567
Gift/separeret,Mænd,Odense,32736,32748,32785,32789,32865,32955
Gift/separeret,Mænd,Svendborg,11265,11253,11350,11399,11475,11543
Gift/separeret,Mænd,Ærø,1301,1319,1347,1352,1391,1407
Gift/separeret,Mænd,Billund,5604,5592,5571,5561,5573,5537
Gift/separeret,Mænd,Esbjerg,21904,22030,22119,22185,22287,22437
Gift/separeret,Mænd,Fanø,781,763,772,771,779,772
Gift/separeret,Mænd,Fredericia,9779,9751,9730,9727,9797,9786
Gift/separeret,Mænd,Haderslev,11091,11168,11217,11265,11330,11382
Gift/separeret,Mænd,Kolding,17651,17555,17535,17523,17536,17574
Gift/separeret,Mænd,Sønderborg,15265,15361,15401,15471,15629,15706
Gift/separeret,Mænd,Tønder,7821,7874,7919,8011,8093,8137
Gift/separeret,Mænd,Varde,10678,10690,10776,10814,10857,10857
Gift/separeret,Mænd,Vejen,8829,8878,8965,9013,9062,9034
Gift/separeret,Mænd,Vejle,22872,22687,22606,22573,22386,22270
Gift/separeret,Mænd,Aabenraa,12097,12165,12254,12343,12417,12454
Gift/separeret,Mænd,Region Midtjylland,249663,249038,248891,248513,248406,248371
Gift/separeret,Mænd,Favrskov,10386,10407,10406,10400,10403,10415
Gift/separeret,Mænd,Hedensted,10037,10004,10010,10072,10104,10148
Gift/separeret,Mænd,Horsens,17186,17066,16916,16811,16761,16720
Gift/separeret,Mænd,Norddjurs,7292,7377,7460,7524,7555,7583
Gift/separeret,Mænd,Odder,4883,4839,4835,4796,4791,4792
Gift/separeret,Mænd,Randers,18077,18089,18197,18239,18329,18347
Gift/separeret,Mænd,Samsø,796,803,831,830,816,821
Gift/separeret,Mænd,Silkeborg,18683,18545,18404,18297,18299,18330
Gift/separeret,Mænd,Skanderborg,13301,13199,13072,12987,12893,12803
Gift/separeret,Mænd,Syddjurs,9185,9166,9160,9107,9111,9110
Gift/separeret,Mænd,Aarhus,51537,51201,51006,50722,50437,50269
Gift/separeret,Mænd,Herning,18003,17945,17941,17946,17897,17797
Gift/separeret,Mænd,Holstebro,11785,11784,11758,11731,11749,11702
Gift/separeret,Mænd,Ikast-Brande,8648,8624,8669,8679,8648,8641
Gift/separeret,Mænd,Lemvig,4456,4496,4535,4604,4637,4713
Gift/separeret,Mænd,Ringkøbing-Skjern,12348,12347,12411,12430,12543,12620
Gift/separeret,Mænd,Skive,9370,9423,9515,9535,9603,9693
Gift/separeret,Mænd,Struer,4592,4620,4635,4668,4738,4773
Gift/separeret,Mænd,Viborg,19098,19103,19130,19135,19092,19094
Gift/separeret,Mænd,Region Nordjylland,113069,113284,113758,114006,114501,114712
Gift/separeret,Mænd,Brønderslev,7426,7452,7444,7470,7521,7512
Gift/separeret,Mænd,Frederikshavn,12500,12540,12655,12689,12762,12857
Gift/separeret,Mænd,Hjørring,12947,12974,13093,13149,13295,13346
Gift/separeret,Mænd,Jammerbugt,8240,8305,8341,8395,8426,8448
Gift/separeret,Mænd,Læsø,395,401,413,400,404,405
Gift/separeret,Mænd,Mariagerfjord,8644,8673,8705,8739,8792,8803
Gift/separeret,Mænd,Morsø,4117,4196,4242,4308,4316,4341
Gift/separeret,Mænd,Rebild,6378,6334,6339,6282,6266,6212
Gift/separeret,Mænd,Thisted,9172,9250,9286,9326,9400,9457
Gift/separeret,Mænd,Vesthimmerlands,7481,7501,7568,7554,7562,7619
Gift/separeret,Mænd,Aalborg,35769,35658,35672,35694,35757,35712
Gift/separeret,Kvinder,Region Hovedstaden,308664,306905,305278,303944,303083,302495
Gift/separeret,Kvinder,København,74179,73055,71763,70617,69557,68959
Gift/separeret,Kvinder,Frederiksberg,14449,14337,14307,14270,14276,14132
Gift/separeret,Kvinder,Dragør,3265,3222,3254,3285,3299,3281
Gift/separeret,Kvinder,Tårnby,8314,8313,8336,8352,8383,8405
Gift/separeret,Kvinder,Albertslund,5020,5075,5052,5095,5124,5182
Gift/separeret,Kvinder,Ballerup,9248,9221,9271,9308,9369,9468
Gift/separeret,Kvinder,Brøndby,6615,6708,6765,6832,6832,6806
Gift/separeret,Kvinder,Gentofte,14466,14439,14438,14438,14436,14446
Gift/separeret,Kvinder,Gladsaxe,12360,12359,12366,12252,12224,12220
Gift/separeret,Kvinder,Glostrup,4149,4045,4026,4014,4023,4032
Gift/separeret,Kvinder,Herlev,5288,5249,5270,5301,5360,5336
Gift/separeret,Kvinder,Hvidovre,9649,9629,9638,9641,9723,9767
Gift/separeret,Kvinder,Høje-Taastrup,10032,9979,9922,9901,9905,9867
Gift/separeret,Kvinder,Ishøj,4451,4476,4498,4458,4406,4374
Gift/separeret,Kvinder,Lyngby-Taarbæk,10178,10101,9986,10019,10082,10141
Gift/separeret,Kvinder,Rødovre,7148,7106,7002,6885,6836,6882
Gift/separeret,Kvinder,Vallensbæk,3639,3614,3573,3463,3424,3358
Gift/separeret,Kvinder,Allerød,5933,5910,5835,5783,5758,5738
Gift/separeret,Kvinder,Egedal,9873,9855,9812,9895,9914,9991
Gift/separeret,Kvinder,Fredensborg,8800,8788,8693,8661,8616,8591
Gift/separeret,Kvinder,Frederikssund,9495,9482,9508,9518,9566,9547
Gift/separeret,Kvinder,Furesø,8948,8925,8888,8810,8766,8648
Gift/separeret,Kvinder,Gribskov,8868,8865,8945,9006,9045,9094
Gift/separeret,Kvinder,Halsnæs,6508,6481,6486,6464,6492,6454
Gift/separeret,Kvinder,Helsingør,12218,12115,12118,12082,12085,12065
Gift/separeret,Kvinder,Hillerød,10337,10310,10252,10179,10182,10142
Gift/separeret,Kvinder,Hørsholm,5399,5388,5404,5417,5441,5434
Gift/separeret,Kvinder,Rudersdal,11835,11825,11787,11829,11743,11773
Gift/separeret,Kvinder,Bornholm,7979,8011,8060,8149,8192,8340
Gift/separeret,Kvinder,Christiansø,21,22,23,20,24,22
Gift/separeret,Kvinder,Region Sjælland,164230,164209,164691,165182,165724,166213
Gift/separeret,Kvinder,Greve,11047,10965,10995,10975,10957,10966
Gift/separeret,Kvinder,Køge,12197,12118,12075,12036,12036,12075
Gift/separeret,Kvinder,Lejre,6252,6226,6224,6207,6223,6229
Gift/separeret,Kvinder,Roskilde,17131,16988,16926,16905,16732,16699
Gift/separeret,Kvinder,Solrød,5109,5075,5017,4925,4858,4851
Gift/separeret,Kvinder,Faxe,7396,7348,7334,7338,7345,7382
Gift/separeret,Kvinder,Guldborgsund,11516,11599,11744,11941,12077,12151
Gift/separeret,Kvinder,Holbæk,13911,13898,13920,14000,14034,13989
Gift/separeret,Kvinder,Kalundborg,9257,9341,9400,9428,9521,9582
Gift/separeret,Kvinder,Lolland,7682,7802,7954,8091,8259,8430
Gift/separeret,Kvinder,Næstved,15448,15434,15537,15619,15749,15823
Gift/separeret,Kvinder,Odsherred,6716,6766,6827,6875,6885,6916
Gift/separeret,Kvinder,Ringsted,6698,6679,6642,6635,6667,6661
Gift/separeret,Kvinder,Slagelse,14265,14337,14377,14513,14579,14604
Gift/separeret,Kvinder,Sorø,5851,5837,5841,5865,5905,5922
Gift/separeret,Kvinder,Stevns,4952,4919,4922,4868,4860,4877
Gift/separeret,Kvinder,Vordingborg,8802,8877,8956,8961,9037,9056
Gift/separeret,Kvinder,Region Syddanmark,235798,236067,236819,237427,238354,239318
Gift/separeret,Kvinder,Assens,8398,8444,8571,8603,8637,8675
Gift/separeret,Kvinder,Faaborg-Midtfyn,10672,10707,10694,10705,10782,10867
Gift/separeret,Kvinder,Kerteminde,5036,5061,5065,5065,5119,5118
Gift/separeret,Kvinder,Langeland,2614,2636,2707,2715,2756,2790
Gift/separeret,Kvinder,Middelfart,8113,8058,8005,7986,8020,8085
Gift/separeret,Kvinder,Nordfyns,6224,6232,6245,6243,6212,6251
Gift/separeret,Kvinder,Nyborg,6439,6414,6440,6532,6527,6525
Gift/separeret,Kvinder,Odense,32626,32647,32780,32819,32921,33051
Gift/separeret,Kvinder,Svendborg,11253,11240,11329,11392,11467,11546
Gift/separeret,Kvinder,Ærø,1268,1286,1305,1319,1342,1360
Gift/separeret,Kvinder,Billund,5562,5536,5534,5519,5520,5514
Gift/separeret,Kvinder,Esbjerg,21766,21872,21975,22052,22146,22326
Gift/separeret,Kvinder,Fanø,782,765,763,762,765,763
Gift/separeret,Kvinder,Fredericia,9735,9722,9711,9676,9757,9776
Gift/separeret,Kvinder,Haderslev,10983,11073,11136,11196,11257,11296
Gift/separeret,Kvinder,Kolding,17611,17518,17492,17457,17475,17537
Gift/separeret,Kvinder,Sønderborg,15208,15319,15356,15428,15566,15695
Gift/separeret,Kvinder,Tønder,7756,7804,7851,7933,8007,8078
Gift/separeret,Kvinder,Varde,10628,10642,10690,10721,10779,10784
Gift/separeret,Kvinder,Vejen,8594,8627,8694,8766,8814,8832
Gift/separeret,Kvinder,Vejle,22537,22394,22283,22256,22162,22099
Gift/separeret,Kvinder,Aabenraa,11993,12070,12193,12282,12323,12350
Gift/separeret,Kvinder,Region Midtjylland,248012,247269,247082,246806,246749,247039
Gift/separeret,Kvinder,Favrskov,10311,10329,10346,10353,10341,10347
Gift/separeret,Kvinder,Hedensted,9936,9894,9902,9976,9998,10060
Gift/separeret,Kvinder,Horsens,16845,16729,16600,16502,16485,16471
Gift/separeret,Kvinder,Norddjurs,7191,7284,7364,7407,7438,7496
Gift/separeret,Kvinder,Odder,4903,4848,4840,4818,4812,4797
Gift/separeret,Kvinder,Randers,17989,17964,18069,18105,18199,18291
Gift/separeret,Kvinder,Samsø,783,789,814,804,794,810
Gift/separeret,Kvinder,Silkeborg,18626,18452,18337,18250,18249,18254
Gift/separeret,Kvinder,Skanderborg,13304,13202,13065,12967,12841,12778
Gift/separeret,Kvinder,Syddjurs,9107,9084,9064,9045,9059,9060
Gift/separeret,Kvinder,Aarhus,51462,51054,50824,50561,50328,50220
Gift/separeret,Kvinder,Herning,17790,17706,17678,17666,17650,17610
Gift/separeret,Kvinder,Holstebro,11739,11737,11721,11668,11657,11656
Gift/separeret,Kvinder,Ikast-Brande,8517,8506,8546,8572,8563,8572
Gift/separeret,Kvinder,Lemvig,4395,4441,4478,4545,4577,4652
Gift/separeret,Kvinder,Ringkøbing-Skjern,12240,12256,12298,12336,12433,12520
Gift/separeret,Kvinder,Skive,9328,9400,9472,9496,9577,9664
Gift/separeret,Kvinder,Struer,4546,4585,4593,4627,4688,4709
Gift/separeret,Kvinder,Viborg,19000,19009,19071,19108,19060,19072
Gift/separeret,Kvinder,Region Nordjylland,112192,112291,112665,113018,113623,113967
Gift/separeret,Kvinder,Brønderslev,7389,7407,7403,7437,7479,7473
Gift/separeret,Kvinder,Frederikshavn,12282,12325,12426,12488,12627,12704
Gift/separeret,Kvinder,Hjørring,12894,12881,13002,13049,13194,13270
Gift/separeret,Kvinder,Jammerbugt,8194,8224,8254,8306,8340,8376
Gift/separeret,Kvinder,Læsø,387,388,394,391,399,398
Gift/separeret,Kvinder,Mariagerfjord,8589,8604,8620,8650,8707,8724
Gift/separeret,Kvinder,Morsø,4085,4145,4184,4241,4257,4295
Gift/separeret,Kvinder,Rebild,6345,6304,6314,6258,6223,6184
Gift/separeret,Kvinder,Thisted,9004,9088,9120,9200,9275,9325
Gift/separeret,Kvinder,Vesthimmerlands,7380,7407,7456,7450,7470,7550
Gift/separeret,Kvinder,Aalborg,35643,35518,35492,35548,35652,35668
Enke/enkemand,Mænd,Region Hovedstaden,17488,17449,17594,17702,17787,17914
Enke/enkemand,Mænd,København,3150,3157,3256,3332,3366,3428
Enke/enkemand,Mænd,Frederiksberg,860,850,871,893,910,929
Enke/enkemand,Mænd,Dragør,237,230,226,222,232,239
Enke/enkemand,Mænd,Tårnby,537,550,544,558,558,579
Enke/enkemand,Mænd,Albertslund,296,280,286,279,287,276
Enke/enkemand,Mænd,Ballerup,665,661,658,655,664,668
Enke/enkemand,Mænd,Brøndby,480,467,469,470,479,480
Enke/enkemand,Mænd,Gentofte,680,685,716,701,704,696
Enke/enkemand,Mænd,Gladsaxe,633,664,668,678,687,700
Enke/enkemand,Mænd,Glostrup,242,240,250,258,274,275
Enke/enkemand,Mænd,Herlev,362,366,363,366,376,371
Enke/enkemand,Mænd,Hvidovre,583,588,604,632,611,622
Enke/enkemand,Mænd,Høje-Taastrup,556,536,543,546,535,531
Enke/enkemand,Mænd,Ishøj,234,227,235,230,234,232
Enke/enkemand,Mænd,Lyngby-Taarbæk,583,592,618,632,633,644
Enke/enkemand,Mænd,Rødovre,441,445,459,466,480,487
Enke/enkemand,Mænd,Vallensbæk,176,184,168,159,174,178
Enke/enkemand,Mænd,Allerød,303,307,287,290,278,267
Enke/enkemand,Mænd,Egedal,500,487,481,458,447,420
Enke/enkemand,Mænd,Fredensborg,437,443,463,458,452,460
Enke/enkemand,Mænd,Frederikssund,706,686,668,668,664,662
Enke/enkemand,Mænd,Furesø,479,472,484,471,462,472
Enke/enkemand,Mænd,Gribskov,695,704,663,636,602,593
Enke/enkemand,Mænd,Halsnæs,516,504,493,488,495,493
Enke/enkemand,Mænd,Helsingør,818,804,797,809,811,820
Enke/enkemand,Mænd,Hillerød,581,580,585,589,583,593
Enke/enkemand,Mænd,Hørsholm,332,343,342,358,360,378
Enke/enkemand,Mænd,Rudersdal,728,728,734,728,739,732
Enke/enkemand,Mænd,Bornholm,676,668,662,671,690,689
Enke/enkemand,Mænd,Christiansø,2,1,1,1,0,0
Enke/enkemand,Mænd,Region Sjælland,12342,12289,12214,12137,12068,12037
Enke/enkemand,Mænd,Greve,694,662,660,659,658,651
Enke/enkemand,Mænd,Køge,789,776,752,766,773,759
Enke/enkemand,Mænd,Lejre,390,397,399,389,392,385
Enke/enkemand,Mænd,Roskilde,994,1003,1010,985,989,970
Enke/enkemand,Mænd,Solrød,278,278,266,257,260,260
Enke/enkemand,Mænd,Faxe,549,535,522,523,510,521
Enke/enkemand,Mænd,Guldborgsund,1101,1110,1104,1117,1096,1092
Enke/enkemand,Mænd,Holbæk,944,933,938,907,894,889
Enke/enkemand,Mænd,Kalundborg,784,790,807,815,806,805
Enke/enkemand,Mænd,Lolland,851,868,868,873,847,876
Enke/enkemand,Mænd,Næstved,1145,1124,1095,1097,1097,1094
Enke/enkemand,Mænd,Odsherred,638,635,646,645,658,663
Enke/enkemand,Mænd,Ringsted,427,420,433,414,417,396
Enke/enkemand,Mænd,Slagelse,1099,1100,1074,1062,1052,1061
Enke/enkemand,Mænd,Sorø,419,417,405,400,394,404
Enke/enkemand,Mænd,Stevns,401,411,398,402,388,377
Enke/enkemand,Mænd,Vordingborg,839,830,837,826,837,834
Enke/enkemand,Mænd,Region Syddanmark,16352,16274,16280,16329,16305,16349
Enke/enkemand,Mænd,Assens,594,607,587,603,586,587
Enke/enkemand,Mænd,Faaborg-Midtfyn,831,828,834,850,862,839
Enke/enkemand,Mænd,Kerteminde,403,398,398,395,384,395
Enke/enkemand,Mænd,Langeland,269,266,259,263,265,275
Enke/enkemand,Mænd,Middelfart,615,630,608,592,601,586
Enke/enkemand,Mænd,Nordfyns,451,428,426,410,404,413
Enke/enkemand,Mænd,Nyborg,499,492,497,491,488,479
Enke/enkemand,Mænd,Odense,2116,2109,2100,2111,2115,2133
Enke/enkemand,Mænd,Svendborg,854,853,847,866,868,854
Enke/enkemand,Mænd,Ærø,114,104,111,111,113,110
Enke/enkemand,Mænd,Billund,378,357,354,355,355,353
Enke/enkemand,Mænd,Esbjerg,1438,1450,1467,1474,1442,1449
Enke/enkemand,Mænd,Fanø,71,68,75,69,64,70
Enke/enkemand,Mænd,Fredericia,659,665,686,710,717,716
Enke/enkemand,Mænd,Haderslev,798,782,772,778,788,806
Enke/enkemand,Mænd,Kolding,1112,1108,1096,1111,1138,1131
Enke/enkemand,Mænd,Sønderborg,1074,1051,1067,1065,1041,1054
Enke/enkemand,Mænd,Tønder,557,568,579,589,586,608
Enke/enkemand,Mænd,Varde,714,715,712,712,710,696
Enke/enkemand,Mænd,Vejen,595,615,606,590,586,591
Enke/enkemand,Mænd,Vejle,1346,1340,1358,1343,1346,1345
Enke/enkemand,Mænd,Aabenraa,864,840,841,841,846,859
Enke/enkemand,Mænd,Region Midtjylland,15606,15527,15478,15464,15404,15381
Enke/enkemand,Mænd,Favrskov,540,534,541,548,544,549
Enke/enkemand,Mænd,Hedensted,630,634,623,619,621,590
Enke/enkemand,Mænd,Horsens,1033,1015,1027,1025,1012,1021
Enke/enkemand,Mænd,Norddjurs,620,614,637,622,598,606
Enke/enkemand,Mænd,Odder,306,303,309,311,312,301
Enke/enkemand,Mænd,Randers,1340,1335,1304,1292,1292,1274
Enke/enkemand,Mænd,Samsø,84,84,78,84,84,84
Enke/enkemand,Mænd,Silkeborg,1117,1122,1116,1111,1115,1115
Enke/enkemand,Mænd,Skanderborg,658,647,668,641,645,651
Enke/enkemand,Mænd,Syddjurs,655,648,648,647,638,634
Enke/enkemand,Mænd,Aarhus,2768,2745,2708,2728,2742,2759
Enke/enkemand,Mænd,Herning,1134,1131,1102,1095,1092,1087
Enke/enkemand,Mænd,Holstebro,769,763,753,790,766,770
Enke/enkemand,Mænd,Ikast-Brande,532,545,543,524,517,525
Enke/enkemand,Mænd,Lemvig,356,352,355,351,350,343
Enke/enkemand,Mænd,Ringkøbing-Skjern,795,790,790,794,776,767
Enke/enkemand,Mænd,Skive,719,727,739,747,761,760
Enke/enkemand,Mænd,Struer,344,332,319,322,328,318
Enke/enkemand,Mænd,Viborg,1206,1206,1218,1213,1211,1227
Enke/enkemand,Mænd,Region Nordjylland,8458,8457,8424,8453,8466,8513
Enke/enkemand,Mænd,Brønderslev,569,578,586,588,582,581
Enke/enkemand,Mænd,Frederikshavn,1077,1083,1069,1082,1078,1092
Enke/enkemand,Mænd,Hjørring,962,959,951,947,962,986
Enke/enkemand,Mænd,Jammerbugt,625,623,617,624,614,611
Enke/enkemand,Mænd,Læsø,54,52,55,55,52,50
Enke/enkemand,Mænd,Mariagerfjord,644,636,623,615,618,608
Enke/enkemand,Mænd,Morsø,343,344,350,348,353,359
Enke/enkemand,Mænd,Rebild,362,362,378,383,389,401
Enke/enkemand,Mænd,Thisted,709,693,690,687,704,710
Enke/enkemand,Mænd,Vesthimmerlands,595,602,589,606,611,619
Enke/enkemand,Mænd,Aalborg,2518,2525,2516,2518,2503,2496
Enke/enkemand,Kvinder,Region Hovedstaden,58986,59457,59997,60636,61431,62298
Enke/enkemand,Kvinder,København,11480,11711,11982,12275,12671,13064
Enke/enkemand,Kvinder,Frederiksberg,3360,3403,3501,3602,3663,3777
Enke/enkemand,Kvinder,Dragør,656,648,642,645,658,653
Enke/enkemand,Kvinder,Tårnby,1695,1745,1776,1799,1854,1875
Enke/enkemand,Kvinder,Albertslund,860,858,842,833,843,850
Enke/enkemand,Kvinder,Ballerup,2097,2093,2085,2071,2040,2042
Enke/enkemand,Kvinder,Brøndby,1460,1487,1516,1523,1536,1558
Enke/enkemand,Kvinder,Gentofte,2726,2799,2842,2892,2992,3025
Enke/enkemand,Kvinder,Gladsaxe,2375,2416,2481,2564,2622,2674
Enke/enkemand,Kvinder,Glostrup,942,956,970,981,993,1032
Enke/enkemand,Kvinder,Herlev,1208,1223,1245,1248,1249,1264
Enke/enkemand,Kvinder,Hvidovre,1904,1944,1958,1998,2033,2076
Enke/enkemand,Kvinder,Høje-Taastrup,1723,1732,1724,1708,1701,1706
Enke/enkemand,Kvinder,Ishøj,726,716,715,712,713,709
Enke/enkemand,Kvinder,Lyngby-Taarbæk,2195,2269,2337,2404,2446,2530
Enke/enkemand,Kvinder,Rødovre,1610,1607,1642,1649,1694,1735
Enke/enkemand,Kvinder,Vallensbæk,536,523,516,512,504,515
Enke/enkemand,Kvinder,Allerød,917,892,889,896,879,867
Enke/enkemand,Kvinder,Egedal,1424,1399,1377,1347,1328,1292
Enke/enkemand,Kvinder,Fredensborg,1537,1520,1504,1503,1509,1516
Enke/enkemand,Kvinder,Frederikssund,2060,2035,2009,1997,1971,1969
Enke/enkemand,Kvinder,Furesø,1645,1634,1635,1607,1566,1569
Enke/enkemand,Kvinder,Gribskov,1822,1821,1800,1798,1776,1785
Enke/enkemand,Kvinder,Halsnæs,1465,1479,1468,1445,1449,1449
Enke/enkemand,Kvinder,Helsingør,2721,2708,2704,2710,2692,2696
Enke/enkemand,Kvinder,Hillerød,1842,1840,1808,1826,1853,1860
Enke/enkemand,Kvinder,Hørsholm,1332,1324,1306,1301,1317,1307
Enke/enkemand,Kvinder,Rudersdal,2494,2476,2479,2517,2568,2589
Enke/enkemand,Kvinder,Bornholm,2170,2194,2241,2270,2307,2310
Enke/enkemand,Kvinder,Christiansø,4,5,3,3,4,4
Enke/enkemand,Kvinder,Region Sjælland,36358,36501,36737,36891,37113,37298
Enke/enkemand,Kvinder,Greve,1894,1873,1871,1879,1861,1802
Enke/enkemand,Kvinder,Køge,2307,2303,2283,2273,2256,2273
Enke/enkemand,Kvinder,Lejre,1047,1035,1038,1032,1046,1057
Enke/enkemand,Kvinder,Roskilde,3235,3265,3288,3257,3278,3276
Enke/enkemand,Kvinder,Solrød,766,749,728,737,728,732
Enke/enkemand,Kvinder,Faxe,1510,1523,1542,1559,1573,1589
Enke/enkemand,Kvinder,Guldborgsund,3255,3281,3294,3335,3386,3409
Enke/enkemand,Kvinder,Holbæk,2892,2881,2909,2925,2943,2943
Enke/enkemand,Kvinder,Kalundborg,2279,2282,2288,2287,2323,2364
Enke/enkemand,Kvinder,Lolland,2492,2538,2572,2657,2679,2745
Enke/enkemand,Kvinder,Næstved,3499,3547,3597,3584,3583,3600
Enke/enkemand,Kvinder,Odsherred,1786,1797,1789,1777,1793,1786
Enke/enkemand,Kvinder,Ringsted,1267,1261,1275,1267,1283,1306
Enke/enkemand,Kvinder,Slagelse,3480,3470,3518,3520,3545,3582
Enke/enkemand,Kvinder,Sorø,1258,1272,1286,1297,1328,1337
Enke/enkemand,Kvinder,Stevns,1030,1042,1062,1073,1068,1061
Enke/enkemand,Kvinder,Vordingborg,2361,2382,2397,2432,2440,2436
Enke/enkemand,Kvinder,Region Syddanmark,50443,50661,50986,51308,51767,52228
Enke/enkemand,Kvinder,Assens,1798,1829,1821,1842,1893,1911
Enke/enkemand,Kvinder,Faaborg-Midtfyn,2347,2364,2391,2391,2426,2488
Enke/enkemand,Kvinder,Kerteminde,1207,1196,1167,1171,1179,1179
Enke/enkemand,Kvinder,Langeland,819,834,837,846,850,868
Enke/enkemand,Kvinder,Middelfart,1642,1628,1641,1664,1685,1696
Enke/enkemand,Kvinder,Nordfyns,1310,1299,1289,1316,1325,1304
Enke/enkemand,Kvinder,Nyborg,1479,1508,1537,1528,1516,1533
Enke/enkemand,Kvinder,Odense,6983,7010,7080,7159,7260,7343
Enke/enkemand,Kvinder,Svendborg,2584,2598,2604,2643,2683,2703
Enke/enkemand,Kvinder,Ærø,441,462,462,472,483,501
Enke/enkemand,Kvinder,Billund,1134,1109,1115,1108,1138,1160
Enke/enkemand,Kvinder,Esbjerg,4473,4487,4542,4530,4569,4592
Enke/enkemand,Kvinder,Fanø,194,189,184,179,175,176
Enke/enkemand,Kvinder,Fredericia,2044,2050,2070,2050,2056,2066
Enke/enkemand,Kvinder,Haderslev,2530,2545,2551,2576,2596,2611
Enke/enkemand,Kvinder,Kolding,3302,3342,3362,3395,3405,3424
Enke/enkemand,Kvinder,Sønderborg,3547,3548,3554,3563,3563,3602
Enke/enkemand,Kvinder,Tønder,1822,1867,1910,1929,1951,1972
Enke/enkemand,Kvinder,Varde,2174,2175,2200,2219,2208,2221
Enke/enkemand,Kvinder,Vejen,1816,1808,1805,1818,1844,1861
Enke/enkemand,Kvinder,Vejle,4142,4149,4185,4225,4227,4266
Enke/enkemand,Kvinder,Aabenraa,2655,2664,2679,2684,2735,2751
Enke/enkemand,Kvinder,Region Midtjylland,47188,47426,47637,48146,48504,48847
Enke/enkemand,Kvinder,Favrskov,1680,1671,1675,1655,1662,1664
Enke/enkemand,Kvinder,Hedensted,1851,1873,1875,1897,1895,1913
Enke/enkemand,Kvinder,Horsens,3171,3156,3160,3183,3216,3216
Enke/enkemand,Kvinder,Norddjurs,1823,1865,1850,1882,1890,1896
Enke/enkemand,Kvinder,Odder,979,985,970,978,969,973
Enke/enkemand,Kvinder,Randers,3917,3927,3944,3993,4047,4082
Enke/enkemand,Kvinder,Samsø,262,265,261,268,277,279
Enke/enkemand,Kvinder,Silkeborg,3327,3295,3248,3286,3291,3321
Enke/enkemand,Kvinder,Skanderborg,1880,1871,1859,1894,1919,1897
Enke/enkemand,Kvinder,Syddjurs,1818,1786,1809,1819,1837,1840
Enke/enkemand,Kvinder,Aarhus,9005,9098,9202,9363,9453,9563
Enke/enkemand,Kvinder,Herning,3335,3323,3355,3361,3373,3417
Enke/enkemand,Kvinder,Holstebro,2242,2280,2283,2340,2353,2373
Enke/enkemand,Kvinder,Ikast-Brande,1552,1570,1588,1609,1622,1616
Enke/enkemand,Kvinder,Lemvig,1005,1027,1031,1031,1055,1063
Enke/enkemand,Kvinder,Ringkøbing-Skjern,2527,2554,2573,2598,2598,2631
Enke/enkemand,Kvinder,Skive,2085,2131,2162,2198,2195,2221
Enke/enkemand,Kvinder,Struer,1014,1025,1039,1032,1040,1053
Enke/enkemand,Kvinder,Viborg,3715,3724,3753,3759,3812,3829
Enke/enkemand,Kvinder,Region Nordjylland,24877,25085,25399,25616,25842,26180
Enke/enkemand,Kvinder,Brønderslev,1578,1602,1618,1649,1674,1679
Enke/enkemand,Kvinder,Frederikshavn,3142,3173,3182,3222,3220,3254
Enke/enkemand,Kvinder,Hjørring,2967,2995,3043,3105,3114,3140
Enke/enkemand,Kvinder,Jammerbugt,1751,1768,1781,1780,1776,1797
Enke/enkemand,Kvinder,Læsø,138,136,135,147,143,146
Enke/enkemand,Kvinder,Mariagerfjord,1862,1861,1902,1887,1911,1914
Enke/enkemand,Kvinder,Morsø,1094,1120,1140,1130,1147,1149
Enke/enkemand,Kvinder,Rebild,1150,1182,1197,1195,1198,1197
Enke/enkemand,Kvinder,Thisted,2142,2143,2181,2204,2222,2286
Enke/enkemand,Kvinder,Vesthimmerlands,1751,1762,1767,1790,1827,1869
Enke/enkemand,Kvinder,Aalborg,7302,7343,7453,7507,7610,7749
Fraskilt,Mænd,Region Hovedstaden,71790,72433,71999,71343,69984,68695
Fraskilt,Mænd,København,22903,23218,23009,22789,22445,22158
Fraskilt,Mænd,Frederiksberg,3645,3718,3741,3762,3707,3664
Fraskilt,Mænd,Dragør,507,500,499,485,459,457
Fraskilt,Mænd,Tårnby,1770,1772,1768,1748,1714,1698
Fraskilt,Mænd,Albertslund,1071,1096,1089,1081,1084,1063
Fraskilt,Mænd,Ballerup,2024,2066,2014,1991,2001,1947
Fraskilt,Mænd,Brøndby,1516,1557,1521,1540,1500,1494
Fraskilt,Mænd,Gentofte,2707,2741,2770,2787,2727,2652
Fraskilt,Mænd,Gladsaxe,2745,2744,2742,2668,2613,2564
Fraskilt,Mænd,Glostrup,1003,1012,985,1007,992,969
Fraskilt,Mænd,Herlev,1199,1199,1167,1141,1121,1093
Fraskilt,Mænd,Hvidovre,2129,2119,2145,2164,2130,2092
Fraskilt,Mænd,Høje-Taastrup,2025,2059,2084,2067,1983,1945
Fraskilt,Mænd,Ishøj,965,968,969,946,915,872
Fraskilt,Mænd,Lyngby-Taarbæk,1927,1890,1896,1841,1803,1816
Fraskilt,Mænd,Rødovre,1683,1640,1601,1572,1543,1525
Fraskilt,Mænd,Vallensbæk,543,569,541,514,509,500
Fraskilt,Mænd,Allerød,824,842,832,817,798,771
Fraskilt,Mænd,Egedal,1441,1461,1449,1477,1397,1342
Fraskilt,Mænd,Fredensborg,1661,1669,1709,1708,1701,1638
Fraskilt,Mænd,Frederikssund,2111,2129,2086,2043,1960,1921
Fraskilt,Mænd,Furesø,1366,1405,1401,1388,1360,1310
Fraskilt,Mænd,Gribskov,2133,2109,2103,2066,2000,1949
Fraskilt,Mænd,Halsnæs,1692,1688,1674,1664,1632,1579
Fraskilt,Mænd,Helsingør,3136,3164,3172,3113,3064,3022
Fraskilt,Mænd,Hillerød,1916,1903,1856,1821,1758,1732
Fraskilt,Mænd,Hørsholm,1015,1036,1007,999,1000,961
Fraskilt,Mænd,Rudersdal,1995,1999,1999,1992,1955,1920
Fraskilt,Mænd,Bornholm,2134,2156,2167,2148,2109,2036
Fraskilt,Mænd,Christiansø,4,4,3,4,4,5
Fraskilt,Mænd,Region Sjælland,40042,40150,39496,38724,37655,36606
Fraskilt,Mænd,Greve,1957,2010,1978,1970,1928,1884
Fraskilt,Mænd,Køge,2623,2626,2599,2583,2558,2477
Fraskilt,Mænd,Lejre,1152,1164,1100,1093,1065,1015
Fraskilt,Mænd,Roskilde,3358,3397,3389,3292,3247,3125
Fraskilt,Mænd,Solrød,848,865,849,855,836,813
Fraskilt,Mænd,Faxe,1804,1795,1764,1729,1679,1587
Fraskilt,Mænd,Guldborgsund,3411,3397,3343,3280,3201,3155
Fraskilt,Mænd,Holbæk,3312,3333,3228,3144,2971,2894
Fraskilt,Mænd,Kalundborg,2618,2607,2603,2546,2440,2373
Fraskilt,Mænd,Lolland,2499,2519,2471,2424,2386,2366
Fraskilt,Mænd,Næstved,4076,4042,3963,3857,3768,3658
Fraskilt,Mænd,Odsherred,1909,1896,1895,1849,1807,1762
Fraskilt,Mænd,Ringsted,1483,1482,1484,1460,1388,1361
Fraskilt,Mænd,Slagelse,3826,3815,3723,3691,3574,3480
Fraskilt,Mænd,Sorø,1464,1481,1438,1382,1339,1295
Fraskilt,Mænd,Stevns,1153,1162,1144,1114,1082,1031
Fraskilt,Mænd,Vordingborg,2549,2559,2525,2455,2386,2330
Fraskilt,Mænd,Region Syddanmark,51310,51371,50671,49838,48569,47252
Fraskilt,Mænd,Assens,1865,1869,1827,1840,1792,1744
Fraskilt,Mænd,Faaborg-Midtfyn,2306,2308,2276,2243,2148,2040
Fraskilt,Mænd,Kerteminde,1038,1033,1015,1001,991,954
Fraskilt,Mænd,Langeland,729,717,702,680,686,665
Fraskilt,Mænd,Middelfart,1730,1686,1661,1635,1585,1514
Fraskilt,Mænd,Nordfyns,1295,1318,1313,1306,1254,1230
Fraskilt,Mænd,Nyborg,1503,1493,1447,1406,1389,1351
Fraskilt,Mænd,Odense,7432,7431,7407,7347,7257,7152
Fraskilt,Mænd,Svendborg,2666,2696,2670,2607,2519,2448
Fraskilt,Mænd,Ærø,303,317,326,314,304,288
Fraskilt,Mænd,Billund,982,1004,989,996,962,937
Fraskilt,Mænd,Esbjerg,4810,4821,4798,4718,4634,4501
Fraskilt,Mænd,Fanø,178,170,165,162,159,156
Fraskilt,Mænd,Fredericia,2457,2478,2446,2359,2322,2264
Fraskilt,Mænd,Haderslev,2526,2524,2483,2442,2402,2312
Fraskilt,Mænd,Kolding,3825,3824,3724,3673,3549,3419
Fraskilt,Mænd,Sønderborg,3110,3112,3064,3043,2990,2924
Fraskilt,Mænd,Tønder,1636,1643,1602,1568,1530,1488
Fraskilt,Mænd,Varde,1902,1915,1895,1823,1739,1693
Fraskilt,Mænd,Vejen,1729,1732,1698,1661,1567,1547
Fraskilt,Mænd,Vejle,4563,4576,4473,4381,4235,4130
Fraskilt,Mænd,Aabenraa,2725,2704,2690,2633,2555,2495
Fraskilt,Mænd,Region Midtjylland,49731,49678,48658,47817,46464,45045
Fraskilt,Mænd,Favrskov,1688,1695,1656,1639,1589,1545
Fraskilt,Mænd,Hedensted,1902,1892,1859,1777,1726,1668
Fraskilt,Mænd,Horsens,3648,3695,3637,3574,3424,3280
Fraskilt,Mænd,Norddjurs,1801,1844,1820,1776,1739,1679
Fraskilt,Mænd,Odder,955,934,935,916,892,851
Fraskilt,Mænd,Randers,4259,4277,4229,4138,3993,3873
Fraskilt,Mænd,Samsø,208,205,197,199,203,197
Fraskilt,Mænd,Silkeborg,3788,3759,3632,3570,3480,3349
Fraskilt,Mænd,Skanderborg,2104,2101,2052,2008,1920,1875
Fraskilt,Mænd,Syddjurs,2007,1988,1937,1907,1827,1770
Fraskilt,Mænd,Aarhus,10851,10840,10646,10545,10347,10125
Fraskilt,Mænd,Herning,3236,3232,3142,3081,2988,2875
Fraskilt,Mænd,Holstebro,2080,2073,2025,1992,1953,1909
Fraskilt,Mænd,Ikast-Brande,1686,1633,1593,1568,1500,1450
Fraskilt,Mænd,Lemvig,807,807,785,771,748,741
Fraskilt,Mænd,Ringkøbing-Skjern,2115,2127,2066,2047,1987,1909
Fraskilt,Mænd,Skive,1908,1897,1842,1815,1760,1706
Fraskilt,Mænd,Struer,912,911,908,889,860,844
Fraskilt,Mænd,Viborg,3776,3768,3697,3605,3528,3399
Fraskilt,Mænd,Region Nordjylland,23259,23393,23123,22596,22019,21603
Fraskilt,Mænd,Brønderslev,1449,1453,1420,1400,1325,1285
Fraskilt,Mænd,Frederikshavn,2707,2756,2709,2643,2563,2532
Fraskilt,Mænd,Hjørring,2779,2803,2813,2744,2643,2575
Fraskilt,Mænd,Jammerbugt,1509,1489,1473,1429,1401,1346
Fraskilt,Mænd,Læsø,96,98,94,94,92,92
Fraskilt,Mænd,Mariagerfjord,1839,1840,1788,1759,1708,1656
Fraskilt,Mænd,Morsø,908,885,872,856,825,812
Fraskilt,Mænd,Rebild,1125,1140,1138,1082,1042,1022
Fraskilt,Mænd,Thisted,1755,1750,1734,1682,1650,1630
Fraskilt,Mænd,Vesthimmerlands,1568,1591,1575,1543,1511,1454
Fraskilt,Mænd,Aalborg,7524,7588,7507,7364,7259,7199
Fraskilt,Kvinder,,,,,,,
Fraskilt,Kvinder,Region Hovedstaden,103801,103939,103168,102130,100380,98667
Fraskilt,Kvinder,København,31837,31728,31457,31168,30754,30279
Fraskilt,Kvinder,Frederiksberg,6474,6487,6493,6486,6364,6298
Fraskilt,Kvinder,Dragør,704,716,702,695,663,669
Fraskilt,Kvinder,Tårnby,2380,2409,2405,2380,2344,2330
Fraskilt,Kvinder,Albertslund,1655,1675,1674,1671,1628,1607
Fraskilt,Kvinder,Ballerup,3004,3019,2997,3007,2971,2967
Fraskilt,Kvinder,Brøndby,2158,2183,2170,2153,2141,2114
Fraskilt,Kvinder,Gentofte,4608,4649,4636,4606,4492,4441
Fraskilt,Kvinder,Gladsaxe,4043,4101,4087,4030,3970,3919
Fraskilt,Kvinder,Glostrup,1409,1383,1368,1365,1381,1340
Fraskilt,Kvinder,Herlev,1856,1880,1845,1823,1799,1777
Fraskilt,Kvinder,Hvidovre,3037,3065,3062,3044,2999,2948
Fraskilt,Kvinder,Høje-Taastrup,2699,2736,2706,2695,2638,2573
Fraskilt,Kvinder,Ishøj,1325,1331,1304,1273,1217,1180
Fraskilt,Kvinder,Lyngby-Taarbæk,3355,3340,3319,3295,3269,3249
Fraskilt,Kvinder,Rødovre,2595,2582,2532,2503,2451,2413
Fraskilt,Kvinder,Vallensbæk,734,747,730,721,709,706
Fraskilt,Kvinder,Allerød,1160,1175,1150,1134,1130,1122
Fraskilt,Kvinder,Egedal,1926,1940,1922,1882,1845,1791
Fraskilt,Kvinder,Fredensborg,2521,2529,2579,2546,2490,2405
Fraskilt,Kvinder,Frederikssund,2788,2739,2717,2643,2564,2508
Fraskilt,Kvinder,Furesø,2176,2163,2139,2129,2107,2014
Fraskilt,Kvinder,Gribskov,2582,2585,2548,2491,2436,2385
Fraskilt,Kvinder,Halsnæs,2026,2023,1986,1991,1923,1890
Fraskilt,Kvinder,Helsingør,4508,4515,4484,4404,4314,4212
Fraskilt,Kvinder,Hillerød,2857,2846,2798,2738,2666,2564
Fraskilt,Kvinder,Hørsholm,1722,1718,1740,1696,1699,1665
Fraskilt,Kvinder,Rudersdal,3142,3149,3117,3076,2971,2922
Fraskilt,Kvinder,Bornholm,2518,2524,2499,2482,2442,2376
Fraskilt,Kvinder,Christiansø,2,2,2,3,3,3
Fraskilt,Kvinder,Region Sjælland,50268,50197,49341,48461,47144,45891
Fraskilt,Kvinder,Greve,2835,2894,2841,2810,2728,2660
Fraskilt,Kvinder,Køge,3623,3623,3588,3567,3513,3416
Fraskilt,Kvinder,Lejre,1300,1287,1263,1239,1206,1162
Fraskilt,Kvinder,Roskilde,4995,4949,4916,4841,4769,4602
Fraskilt,Kvinder,Solrød,1199,1187,1139,1154,1114,1087
Fraskilt,Kvinder,Faxe,2176,2169,2058,2041,1937,1872
Fraskilt,Kvinder,Guldborgsund,3951,3914,3856,3753,3663,3620
Fraskilt,Kvinder,Holbæk,4287,4283,4156,4073,3904,3783
Fraskilt,Kvinder,Kalundborg,3037,3013,2973,2893,2823,2716
Fraskilt,Kvinder,Lolland,2634,2654,2621,2564,2524,2480
Fraskilt,Kvinder,Næstved,5308,5299,5178,5052,4968,4827
Fraskilt,Kvinder,Odsherred,2135,2133,2101,2052,1988,1953
Fraskilt,Kvinder,Ringsted,2005,1978,1974,1959,1871,1851
Fraskilt,Kvinder,Slagelse,4803,4808,4742,4648,4520,4417
Fraskilt,Kvinder,Sorø,1769,1753,1731,1676,1620,1576
Fraskilt,Kvinder,Stevns,1193,1211,1199,1183,1154,1108
Fraskilt,Kvinder,Vordingborg,3018,3042,3005,2956,2842,2761
Fraskilt,Kvinder,Region Syddanmark,63583,63462,62526,61481,59889,58372
Fraskilt,Kvinder,Assens,2150,2134,2053,2028,1974,1912
Fraskilt,Kvinder,Faaborg-Midtfyn,2658,2630,2592,2555,2459,2387
Fraskilt,Kvinder,Kerteminde,1274,1253,1230,1219,1206,1198
Fraskilt,Kvinder,Langeland,778,757,754,743,694,692
Fraskilt,Kvinder,Middelfart,2079,2036,2024,2013,1937,1878
Fraskilt,Kvinder,Nordfyns,1411,1403,1402,1380,1344,1257
Fraskilt,Kvinder,Nyborg,1832,1839,1793,1767,1731,1679
Fraskilt,Kvinder,Odense,10512,10524,10427,10287,10139,9974
Fraskilt,Kvinder,Svendborg,3496,3515,3462,3366,3293,3185
Fraskilt,Kvinder,Ærø,363,368,375,349,333,325
Fraskilt,Kvinder,Billund,1229,1240,1210,1186,1153,1125
Fraskilt,Kvinder,Esbjerg,6078,6086,6021,5912,5807,5636
Fraskilt,Kvinder,Fanø,224,226,221,217,209,205
Fraskilt,Kvinder,Fredericia,2984,2991,2979,2915,2837,2798
Fraskilt,Kvinder,Haderslev,2936,2954,2921,2885,2817,2731
Fraskilt,Kvinder,Kolding,4776,4771,4669,4602,4456,4334
Fraskilt,Kvinder,Sønderborg,3909,3898,3875,3801,3709,3621
Fraskilt,Kvinder,Tønder,1900,1876,1837,1800,1733,1679
Fraskilt,Kvinder,Varde,2099,2101,2019,2009,1934,1887
Fraskilt,Kvinder,Vejen,1894,1874,1852,1807,1731,1690
Fraskilt,Kvinder,Vejle,5840,5799,5685,5547,5354,5219
Fraskilt,Kvinder,Aabenraa,3161,3187,3125,3093,3039,2960
Fraskilt,Kvinder,Region Midtjylland,62712,62347,61124,59958,58397,56608
Fraskilt,Kvinder,Favrskov,1998,1988,1958,1887,1828,1785
Fraskilt,Kvinder,Hedensted,2065,2053,2002,1924,1853,1805
Fraskilt,Kvinder,Horsens,4730,4658,4600,4504,4347,4157
Fraskilt,Kvinder,Norddjurs,2002,1985,1985,1947,1905,1847
Fraskilt,Kvinder,Odder,1219,1204,1178,1113,1088,1055
Fraskilt,Kvinder,Randers,5287,5266,5215,5114,4959,4796
Fraskilt,Kvinder,Samsø,243,235,232,229,227,219
Fraskilt,Kvinder,Silkeborg,4813,4743,4608,4518,4412,4253
Fraskilt,Kvinder,Skanderborg,2739,2721,2649,2603,2478,2385
Fraskilt,Kvinder,Syddjurs,2194,2191,2149,2107,2038,1965
Fraskilt,Kvinder,Aarhus,15851,15808,15547,15396,15110,14793
Fraskilt,Kvinder,Herning,3910,3891,3793,3704,3655,3578
Fraskilt,Kvinder,Holstebro,2619,2610,2543,2514,2444,2368
Fraskilt,Kvinder,Ikast-Brande,1883,1868,1822,1771,1741,1672
Fraskilt,Kvinder,Lemvig,803,806,779,779,730,725
Fraskilt,Kvinder,Ringkøbing-Skjern,2315,2328,2280,2222,2159,2048
Fraskilt,Kvinder,Skive,2219,2220,2152,2103,2040,1969
Fraskilt,Kvinder,Struer,1066,1057,1041,1009,978,920
Fraskilt,Kvinder,Viborg,4756,4715,4591,4514,4405,4268
Fraskilt,Kvinder,Region Nordjylland,28092,28115,27728,27109,26363,25766
Fraskilt,Kvinder,Brønderslev,1647,1640,1624,1573,1493,1451
Fraskilt,Kvinder,Frederikshavn,3179,3200,3150,3107,3014,2982
Fraskilt,Kvinder,Hjørring,3360,3382,3335,3249,3147,3032
Fraskilt,Kvinder,Jammerbugt,1719,1702,1677,1650,1596,1549
Fraskilt,Kvinder,Læsø,123,119,111,105,105,99
Fraskilt,Kvinder,Mariagerfjord,2054,2059,2013,1968,1883,1825
Fraskilt,Kvinder,Morsø,960,922,906,887,857,857
Fraskilt,Kvinder,Rebild,1200,1210,1196,1156,1120,1105
Fraskilt,Kvinder,Thisted,1945,1952,1936,1862,1806,1761
Fraskilt,Kvinder,Vesthimmerlands,1780,1779,1752,1712,1677,1602
Fraskilt,Kvinder,Aalborg,10125,10150,10028,9840,9665,9503